{"cameraMode":{"drawMode":0,"name":"Shaded","section":"Shading Mode"},"sceneLighting":true,"audioPlay":false,"sceneViewState":{"m_AlwaysRefresh":false,"showFog":true,"showSkybox":true,"showFlares":true,"showImageEffects":true,"showParticleSystems":true,"showVisualEffectGraphs":true,"m_FxEnabled":true},"in2DMode":false,"pivot":{"x":2.679563283920288,"y":-0.011385321617126465,"z":-0.5232595205307007},"rotation":{"x":-0.08918607234954834,"y":-0.6641550064086914,"z":0.08030331879854202,"w":-0.7378191351890564},"size":2.8684513568878176,"orthographic":false}