{"cameraMode":{"drawMode":0,"name":"Shaded","section":"Shading Mode"},"sceneLighting":true,"audioPlay":false,"sceneViewState":{"m_AlwaysRefresh":false,"showFog":true,"showSkybox":true,"showFlares":true,"showImageEffects":true,"showParticleSystems":true,"showVisualEffectGraphs":true,"m_FxEnabled":true},"in2DMode":false,"pivot":{"x":0.46840381622314455,"y":0.5177972316741943,"z":-0.48083674907684328},"rotation":{"x":-0.03948114812374115,"y":0.8987241387367249,"z":-0.08274394273757935,"w":-0.42882412672042849},"size":0.3462309241294861,"orthographic":false}