{"cameraMode":{"drawMode":0,"name":"Shaded","section":"Shading Mode"},"sceneLighting":true,"audioPlay":false,"sceneViewState":{"m_AlwaysRefresh":false,"showFog":true,"showSkybox":true,"showFlares":true,"showImageEffects":true,"showParticleSystems":true,"showVisualEffectGraphs":true,"m_FxEnabled":true},"in2DMode":false,"pivot":{"x":1.4764437675476075,"y":2.6030869483947756,"z":-1.5085101127624512},"rotation":{"x":0.03399386256933212,"y":0.9135372042655945,"z":0.07800254225730896,"w":-0.3978081941604614},"size":1.6600894927978516,"orthographic":false}